logical_name,kind,chapter,problem,subpart,source_pdf,source_pages_1based,used_crop_boxes_px,partition_windows_px,deskew_angles_deg,output_width_px,output_height_px
pb_2-1_(1)_question.png,question,2,1,1,ch2.pdf,1,"[{""page"":1,""x0"":0,""y0"":1438,""x1"":2005,""y1"":1508},{""page"":1,""x0"":0,""y0"":1508,""x1"":2005,""y1"":1577}]","[{""page"":1,""x0"":0,""y0"":1438,""x1"":2005,""y1"":1508},{""page"":1,""x0"":0,""y0"":1508,""x1"":2005,""y1"":1580}]","{""1"":0.0}",2005,139
pb_2-1_(1)_solution.png,solution,2,1,1,ch2.pdf,1,"[{""page"":1,""x0"":0,""y0"":2300,""x1"":2005,""y1"":2479}]","[{""page"":1,""x0"":0,""y0"":2300,""x1"":2005,""y1"":2480}]","{""1"":0.0}",2005,179
pb_2-1_(2)_question.png,question,2,1,2,ch2.pdf,1,"[{""page"":1,""x0"":0,""y0"":1438,""x1"":2005,""y1"":1508},{""page"":1,""x0"":0,""y0"":1583,""x1"":2005,""y1"":1687}]","[{""page"":1,""x0"":0,""y0"":1438,""x1"":2005,""y1"":1508},{""page"":1,""x0"":0,""y0"":1580,""x1"":2005,""y1"":1688}]","{""1"":0.0}",2005,174
pb_2-1_(2)_solution.png,solution,2,1,2,ch2.pdf,2,"[{""page"":2,""x0"":0,""y0"":196,""x1"":2005,""y1"":552}]","[{""page"":2,""x0"":0,""y0"":190,""x1"":2005,""y1"":552}]","{""2"":0.07698}",2005,356
pb_2-1_(3)_question.png,question,2,1,3,ch2.pdf,1,"[{""page"":1,""x0"":0,""y0"":1438,""x1"":2005,""y1"":1508},{""page"":1,""x0"":0,""y0"":1690,""x1"":2005,""y1"":1821}]","[{""page"":1,""x0"":0,""y0"":1438,""x1"":2005,""y1"":1508},{""page"":1,""x0"":0,""y0"":1688,""x1"":2005,""y1"":1822}]","{""1"":0.0}",2005,201
pb_2-1_(3)_solution.png,solution,2,1,3,ch2.pdf,2,"[{""page"":2,""x0"":0,""y0"":555,""x1"":2005,""y1"":804}]","[{""page"":2,""x0"":0,""y0"":552,""x1"":2005,""y1"":804}]","{""2"":0.07698}",2005,249
pb_2-1_(4)_question.png,question,2,1,4,ch2.pdf,1,"[{""page"":1,""x0"":0,""y0"":1438,""x1"":2005,""y1"":1508},{""page"":1,""x0"":0,""y0"":1827,""x1"":2005,""y1"":1936}]","[{""page"":1,""x0"":0,""y0"":1438,""x1"":2005,""y1"":1508},{""page"":1,""x0"":0,""y0"":1822,""x1"":2005,""y1"":1936}]","{""1"":0.0}",2005,179
pb_2-1_(4)_solution.png,solution,2,1,4,ch2.pdf,2,"[{""page"":2,""x0"":0,""y0"":809,""x1"":2005,""y1"":1042}]","[{""page"":2,""x0"":0,""y0"":804,""x1"":2005,""y1"":1045}]","{""2"":0.07698}",2005,233
pb_2-1_(5)_question.png,question,2,1,5,ch2.pdf,1,"[{""page"":1,""x0"":0,""y0"":1438,""x1"":2005,""y1"":1508},{""page"":1,""x0"":0,""y0"":1936,""x1"":2005,""y1"":2006}]","[{""page"":1,""x0"":0,""y0"":1438,""x1"":2005,""y1"":1508},{""page"":1,""x0"":0,""y0"":1936,""x1"":2005,""y1"":2010}]","{""1"":0.0}",2005,140
pb_2-1_(5)_solution.png,solution,2,1,5,ch2.pdf,2,"[{""page"":2,""x0"":0,""y0"":1045,""x1"":2005,""y1"":1157}]","[{""page"":2,""x0"":0,""y0"":1045,""x1"":2005,""y1"":1160}]","{""2"":0.07698}",2005,112
pb_2-1_(6)_question.png,question,2,1,6,ch2.pdf,1,"[{""page"":1,""x0"":0,""y0"":1438,""x1"":2005,""y1"":1508},{""page"":1,""x0"":0,""y0"":2014,""x1"":2005,""y1"":2118}]","[{""page"":1,""x0"":0,""y0"":1438,""x1"":2005,""y1"":1508},{""page"":1,""x0"":0,""y0"":2010,""x1"":2005,""y1"":2118}]","{""1"":0.0}",2005,174
pb_2-1_(6)_solution.png,solution,2,1,6,ch2.pdf,2,"[{""page"":2,""x0"":0,""y0"":1167,""x1"":2005,""y1"":1510}]","[{""page"":2,""x0"":0,""y0"":1160,""x1"":2005,""y1"":1510}]","{""2"":0.07698}",2005,343
pb_2-1_(7)_question.png,question,2,1,7,ch2.pdf,1,"[{""page"":1,""x0"":0,""y0"":1438,""x1"":2005,""y1"":1508},{""page"":1,""x0"":0,""y0"":2120,""x1"":2005,""y1"":2190}]","[{""page"":1,""x0"":0,""y0"":1438,""x1"":2005,""y1"":1508},{""page"":1,""x0"":0,""y0"":2118,""x1"":2005,""y1"":2190}]","{""1"":0.0}",2005,140
pb_2-1_(7)_solution.png,solution,2,1,7,ch2.pdf,2,"[{""page"":2,""x0"":0,""y0"":1514,""x1"":2005,""y1"":1697}]","[{""page"":2,""x0"":0,""y0"":1510,""x1"":2005,""y1"":1700}]","{""2"":0.07698}",2005,183
pb_2-1_(8)_question.png,question,2,1,8,ch2.pdf,1,"[{""page"":1,""x0"":0,""y0"":1438,""x1"":2005,""y1"":1508},{""page"":1,""x0"":0,""y0"":2193,""x1"":2005,""y1"":2300}]","[{""page"":1,""x0"":0,""y0"":1438,""x1"":2005,""y1"":1508},{""page"":1,""x0"":0,""y0"":2190,""x1"":2005,""y1"":2300}]","{""1"":0.0}",2005,177
pb_2-1_(8)_solution.png,solution,2,1,8,ch2.pdf,2,"[{""page"":2,""x0"":0,""y0"":1704,""x1"":2005,""y1"":2060}]","[{""page"":2,""x0"":0,""y0"":1700,""x1"":2005,""y1"":2060}]","{""2"":0.07698}",2005,356
pb_2-2_(1)_question.png,question,2,2,1,ch2.pdf,2,"[{""page"":2,""x0"":0,""y0"":2064,""x1"":2005,""y1"":2134},{""page"":2,""x0"":0,""y0"":2140,""x1"":2005,""y1"":2244}]","[{""page"":2,""x0"":0,""y0"":2060,""x1"":2005,""y1"":2140},{""page"":2,""x0"":0,""y0"":2140,""x1"":2005,""y1"":2257}]","{""2"":0.07698}",2005,174
pb_2-2_(1)_solution.png,solution,2,2,1,ch2.pdf,3,"[{""page"":3,""x0"":0,""y0"":647,""x1"":2005,""y1"":755}]","[{""page"":3,""x0"":0,""y0"":645,""x1"":2005,""y1"":755}]","{""3"":0.01597}",2005,108
pb_2-2_(2)_question.png,question,2,2,2,ch2.pdf,2,"[{""page"":2,""x0"":0,""y0"":2064,""x1"":2005,""y1"":2134},{""page"":2,""x0"":0,""y0"":2257,""x1"":2005,""y1"":2360}]","[{""page"":2,""x0"":0,""y0"":2060,""x1"":2005,""y1"":2140},{""page"":2,""x0"":0,""y0"":2257,""x1"":2005,""y1"":2370}]","{""2"":0.07698}",2005,173
pb_2-2_(2)_solution.png,solution,2,2,2,ch2.pdf,3,"[{""page"":3,""x0"":0,""y0"":758,""x1"":2005,""y1"":868}]","[{""page"":3,""x0"":0,""y0"":755,""x1"":2005,""y1"":875}]","{""3"":0.01597}",2005,110
pb_2-2_(3)_question.png,question,2,2,3,ch2.pdf,2,"[{""page"":2,""x0"":0,""y0"":2064,""x1"":2005,""y1"":2134},{""page"":2,""x0"":0,""y0"":2376,""x1"":2005,""y1"":2475}]","[{""page"":2,""x0"":0,""y0"":2060,""x1"":2005,""y1"":2140},{""page"":2,""x0"":0,""y0"":2370,""x1"":2005,""y1"":2480}]","{""2"":0.07698}",2005,169
pb_2-2_(3)_solution.png,solution,2,2,3,ch2.pdf,3,"[{""page"":3,""x0"":0,""y0"":875,""x1"":2005,""y1"":1030}]","[{""page"":3,""x0"":0,""y0"":875,""x1"":2005,""y1"":1030}]","{""3"":0.01597}",2005,155
pb_2-2_(4)_question.png,question,2,2,4,ch2.pdf,2;3,"[{""page"":2,""x0"":0,""y0"":2064,""x1"":2005,""y1"":2134},{""page"":3,""x0"":0,""y0"":196,""x1"":2005,""y1"":301}]","[{""page"":2,""x0"":0,""y0"":2060,""x1"":2005,""y1"":2140},{""page"":3,""x0"":0,""y0"":190,""x1"":2005,""y1"":320}]","{""2"":0.07698,""3"":0.01597}",2005,175
pb_2-2_(4)_solution.png,solution,2,2,4,ch2.pdf,3,"[{""page"":3,""x0"":0,""y0"":1032,""x1"":2005,""y1"":1210}]","[{""page"":3,""x0"":0,""y0"":1030,""x1"":2005,""y1"":1210}]","{""3"":0.01597}",2005,178
pb_2-2_(5)_question.png,question,2,2,5,ch2.pdf,2;3,"[{""page"":2,""x0"":0,""y0"":2064,""x1"":2005,""y1"":2134},{""page"":3,""x0"":0,""y0"":320,""x1"":2005,""y1"":417}]","[{""page"":2,""x0"":0,""y0"":2060,""x1"":2005,""y1"":2140},{""page"":3,""x0"":0,""y0"":320,""x1"":2005,""y1"":430}]","{""2"":0.07698,""3"":0.01597}",2005,167
pb_2-2_(5)_solution.png,solution,2,2,5,ch2.pdf,3,"[{""page"":3,""x0"":0,""y0"":1212,""x1"":2005,""y1"":1325}]","[{""page"":3,""x0"":0,""y0"":1210,""x1"":2005,""y1"":1330}]","{""3"":0.01597}",2005,113
pb_2-2_(6)_question.png,question,2,2,6,ch2.pdf,2;3,"[{""page"":2,""x0"":0,""y0"":2064,""x1"":2005,""y1"":2134},{""page"":3,""x0"":0,""y0"":430,""x1"":2005,""y1"":530}]","[{""page"":2,""x0"":0,""y0"":2060,""x1"":2005,""y1"":2140},{""page"":3,""x0"":0,""y0"":430,""x1"":2005,""y1"":540}]","{""2"":0.07698,""3"":0.01597}",2005,170
pb_2-2_(6)_solution.png,solution,2,2,6,ch2.pdf,3,"[{""page"":3,""x0"":0,""y0"":1330,""x1"":2005,""y1"":1557}]","[{""page"":3,""x0"":0,""y0"":1330,""x1"":2005,""y1"":1570}]","{""3"":0.01597}",2005,227
pb_2-2_(7)_question.png,question,2,2,7,ch2.pdf,2;3,"[{""page"":2,""x0"":0,""y0"":2064,""x1"":2005,""y1"":2134},{""page"":3,""x0"":0,""y0"":540,""x1"":2005,""y1"":644}]","[{""page"":2,""x0"":0,""y0"":2060,""x1"":2005,""y1"":2140},{""page"":3,""x0"":0,""y0"":540,""x1"":2005,""y1"":650}]","{""2"":0.07698,""3"":0.01597}",2005,174
pb_2-2_(7)_solution.png,solution,2,2,7,ch2.pdf,3,"[{""page"":3,""x0"":0,""y0"":1556,""x1"":2005,""y1"":1720}]","[{""page"":3,""x0"":0,""y0"":1548,""x1"":2005,""y1"":1720}]","{""3"":0.01597}",2005,164
pb_2-3_(1)_question.png,question,2,3,1,ch2.pdf,3,"[{""page"":3,""x0"":0,""y0"":1717,""x1"":2005,""y1"":1784},{""page"":3,""x0"":0,""y0"":1784,""x1"":2005,""y1"":1895}]","[{""page"":3,""x0"":0,""y0"":1715,""x1"":2005,""y1"":1784},{""page"":3,""x0"":0,""y0"":1784,""x1"":2005,""y1"":1898}]","{""3"":0.01597}",2005,178
pb_2-3_(1)_solution.png,solution,2,3,1,ch2.pdf,3;4,"[{""page"":3,""x0"":0,""y0"":2121,""x1"":2005,""y1"":2473},{""page"":4,""x0"":0,""y0"":193,""x1"":2005,""y1"":645}]","[{""page"":3,""x0"":0,""y0"":2120,""x1"":2005,""y1"":2490},{""page"":4,""x0"":0,""y0"":190,""x1"":2005,""y1"":645}]","{""3"":0.01597,""4"":0.08397}",2005,804
pb_2-3_(2)_question.png,question,2,3,2,ch2.pdf,3,"[{""page"":3,""x0"":0,""y0"":1717,""x1"":2005,""y1"":1784},{""page"":3,""x0"":0,""y0"":1898,""x1"":2005,""y1"":2006}]","[{""page"":3,""x0"":0,""y0"":1715,""x1"":2005,""y1"":1784},{""page"":3,""x0"":0,""y0"":1898,""x1"":2005,""y1"":2008}]","{""3"":0.01597}",2005,175
pb_2-3_(2)_solution.png,solution,2,3,2,ch2.pdf,4,"[{""page"":4,""x0"":0,""y0"":646,""x1"":2005,""y1"":1312}]","[{""page"":4,""x0"":0,""y0"":645,""x1"":2005,""y1"":1312}]","{""4"":0.08397}",2005,666
pb_2-3_(3)_question.png,question,2,3,3,ch2.pdf,3,"[{""page"":3,""x0"":0,""y0"":1717,""x1"":2005,""y1"":1784},{""page"":3,""x0"":0,""y0"":2009,""x1"":2005,""y1"":2120}]","[{""page"":3,""x0"":0,""y0"":1715,""x1"":2005,""y1"":1784},{""page"":3,""x0"":0,""y0"":2008,""x1"":2005,""y1"":2120}]","{""3"":0.01597}",2005,178
pb_2-3_(3)_solution.png,solution,2,3,3,ch2.pdf,4,"[{""page"":4,""x0"":0,""y0"":1313,""x1"":1330,""y1"":2070},{""page"":4,""x0"":0,""y0"":2070,""x1"":1100,""y1"":2240}]","[{""page"":4,""x0"":0,""y0"":1312,""x1"":1330,""y1"":2070},{""page"":4,""x0"":0,""y0"":2070,""x1"":1100,""y1"":2240}]","{""4"":0.08397}",2005,927
pb_2-4_question.png,question,2,4,,ch2.pdf,4,"[{""page"":4,""x0"":0,""y0"":2241,""x1"":1200,""y1"":2310},{""page"":4,""x0"":1250,""y0"":2166,""x1"":1940,""y1"":2469}]","[{""page"":4,""x0"":0,""y0"":2235,""x1"":1200,""y1"":2310},{""page"":4,""x0"":1250,""y0"":2150,""x1"":1940,""y1"":2520}]","{""4"":0.08397}",2005,372
pb_2-4_solution.png,solution,2,4,,ch2.pdf,4;5,"[{""page"":4,""x0"":0,""y0"":2310,""x1"":1250,""y1"":2437},{""page"":5,""x0"":0,""y0"":190,""x1"":2005,""y1"":360}]","[{""page"":4,""x0"":0,""y0"":2310,""x1"":1250,""y1"":2470},{""page"":5,""x0"":0,""y0"":190,""x1"":2005,""y1"":360}]","{""4"":0.08397,""5"":0.11745}",2005,297
pb_2-5_question.png,question,2,5,,ch2.pdf,5,"[{""page"":5,""x0"":0,""y0"":371,""x1"":2005,""y1"":550}]","[{""page"":5,""x0"":0,""y0"":370,""x1"":2005,""y1"":550}]","{""5"":0.11745}",2005,179
pb_2-5_solution.png,solution,2,5,,ch2.pdf,5,"[{""page"":5,""x0"":0,""y0"":554,""x1"":2005,""y1"":1740}]","[{""page"":5,""x0"":0,""y0"":550,""x1"":2005,""y1"":1740}]","{""5"":0.11745}",2005,1186
pb_2-6_(1)_question.png,question,2,6,1,ch2.pdf,5;6,"[{""page"":5,""x0"":0,""y0"":1742,""x1"":2005,""y1"":1812},{""page"":6,""x0"":70,""y0"":211,""x1"":930,""y1"":577}]","[{""page"":5,""x0"":0,""y0"":1740,""x1"":2005,""y1"":1812},{""page"":6,""x0"":70,""y0"":210,""x1"":930,""y1"":590}]","{""5"":0.11745,""6"":-0.01629}",2005,436
pb_2-6_(1)_solution.png,solution,2,6,1,ch2.pdf,5;6,"[{""page"":5,""x0"":0,""y0"":1812,""x1"":2005,""y1"":1940},{""page"":6,""x0"":400,""y0"":1193,""x1"":1500,""y1"":2255},{""page"":5,""x0"":0,""y0"":1941,""x1"":2005,""y1"":2275}]","[{""page"":5,""x0"":0,""y0"":1812,""x1"":2005,""y1"":1940},{""page"":6,""x0"":400,""y0"":1150,""x1"":1500,""y1"":2270},{""page"":5,""x0"":0,""y0"":1940,""x1"":2005,""y1"":2275}]","{""5"":0.11745,""6"":-0.01629}",2005,1524
pb_2-6_(2)_question.png,question,2,6,2,ch2.pdf,5;6,"[{""page"":5,""x0"":0,""y0"":1742,""x1"":2005,""y1"":1812},{""page"":6,""x0"":920,""y0"":231,""x1"":1930,""y1"":577}]","[{""page"":5,""x0"":0,""y0"":1740,""x1"":2005,""y1"":1812},{""page"":6,""x0"":920,""y0"":210,""x1"":1930,""y1"":590}]","{""5"":0.11745,""6"":-0.01629}",2005,416
pb_2-6_(2)_solution.png,solution,2,6,2,ch2.pdf,5;7,"[{""page"":5,""x0"":0,""y0"":2275,""x1"":2005,""y1"":2407},{""page"":7,""x0"":350,""y0"":201,""x1"":1550,""y1"":1864},{""page"":7,""x0"":0,""y0"":1911,""x1"":2005,""y1"":2245}]","[{""page"":5,""x0"":0,""y0"":2275,""x1"":2005,""y1"":2410},{""page"":7,""x0"":350,""y0"":190,""x1"":1550,""y1"":1870},{""page"":7,""x0"":0,""y0"":1890,""x1"":2005,""y1"":2245}]","{""5"":0.11745,""7"":-0.00678}",2005,2129
pb_2-6_(3)_question.png,question,2,6,3,ch2.pdf,5;6,"[{""page"":5,""x0"":0,""y0"":1742,""x1"":2005,""y1"":1812},{""page"":6,""x0"":70,""y0"":590,""x1"":930,""y1"":992}]","[{""page"":5,""x0"":0,""y0"":1740,""x1"":2005,""y1"":1812},{""page"":6,""x0"":70,""y0"":590,""x1"":930,""y1"":1010}]","{""5"":0.11745,""6"":-0.01629}",2005,472
pb_2-6_(3)_solution.png,solution,2,6,3,ch2.pdf,7;8,"[{""page"":7,""x0"":0,""y0"":2245,""x1"":2005,""y1"":2377},{""page"":8,""x0"":350,""y0"":204,""x1"":1450,""y1"":1540},{""page"":8,""x0"":0,""y0"":1596,""x1"":2005,""y1"":1930}]","[{""page"":7,""x0"":0,""y0"":2245,""x1"":2005,""y1"":2380},{""page"":8,""x0"":350,""y0"":190,""x1"":1450,""y1"":1540},{""page"":8,""x0"":0,""y0"":1590,""x1"":2005,""y1"":1930}]","{""7"":-0.00678,""8"":0.06012}",2005,1802
pb_2-6_(4)_question.png,question,2,6,4,ch2.pdf,5;6,"[{""page"":5,""x0"":0,""y0"":1742,""x1"":2005,""y1"":1812},{""page"":6,""x0"":930,""y0"":603,""x1"":1930,""y1"":991}]","[{""page"":5,""x0"":0,""y0"":1740,""x1"":2005,""y1"":1812},{""page"":6,""x0"":930,""y0"":590,""x1"":1930,""y1"":1010}]","{""5"":0.11745,""6"":-0.01629}",2005,458
pb_2-6_(4)_solution.png,solution,2,6,4,ch2.pdf,8;9,"[{""page"":8,""x0"":0,""y0"":1930,""x1"":2005,""y1"":2060},{""page"":9,""x0"":50,""y0"":330,""x1"":820,""y1"":974},{""page"":8,""x0"":0,""y0"":2066,""x1"":2005,""y1"":2400}]","[{""page"":8,""x0"":0,""y0"":1930,""x1"":2005,""y1"":2060},{""page"":9,""x0"":50,""y0"":320,""x1"":820,""y1"":980},{""page"":8,""x0"":0,""y0"":2060,""x1"":2005,""y1"":2400}]","{""8"":0.06012,""9"":-0.09072}",2005,1108
pb_2-7_(1)_question.png,question,2,7,1,ch2.pdf,8;9,"[{""page"":8,""x0"":0,""y0"":2401,""x1"":2005,""y1"":2468},{""page"":9,""x0"":0,""y0"":177,""x1"":2005,""y1"":242},{""page"":9,""x0"":820,""y0"":580,""x1"":1940,""y1"":974}]","[{""page"":8,""x0"":0,""y0"":2400,""x1"":2005,""y1"":2470},{""page"":9,""x0"":0,""y0"":175,""x1"":2005,""y1"":242},{""page"":9,""x0"":820,""y0"":320,""x1"":1940,""y1"":980}]","{""8"":0.06012,""9"":-0.09072}",2005,526
pb_2-7_(1)_solution.png,solution,2,7,1,ch2.pdf,9;10,"[{""page"":9,""x0"":0,""y0"":1018,""x1"":2005,""y1"":2189},{""page"":9,""x0"":0,""y0"":2190,""x1"":2005,""y1"":2406},{""page"":10,""x0"":0,""y0"":180,""x1"":2005,""y1"":295}]","[{""page"":9,""x0"":0,""y0"":1015,""x1"":2005,""y1"":2190},{""page"":9,""x0"":0,""y0"":2190,""x1"":2005,""y1"":2410},{""page"":10,""x0"":0,""y0"":180,""x1"":2005,""y1"":295}]","{""9"":-0.09072,""10"":-0.13162}",2005,1502
pb_2-7_(2)_question.png,question,2,7,2,ch2.pdf,8;9,"[{""page"":8,""x0"":0,""y0"":2401,""x1"":2005,""y1"":2468},{""page"":9,""x0"":0,""y0"":242,""x1"":2005,""y1"":310},{""page"":9,""x0"":820,""y0"":580,""x1"":1940,""y1"":974}]","[{""page"":8,""x0"":0,""y0"":2400,""x1"":2005,""y1"":2470},{""page"":9,""x0"":0,""y0"":242,""x1"":2005,""y1"":310},{""page"":9,""x0"":820,""y0"":320,""x1"":1940,""y1"":980}]","{""8"":0.06012,""9"":-0.09072}",2005,529
pb_2-7_(2)_solution.png,solution,2,7,2,ch2.pdf,9;10,"[{""page"":9,""x0"":0,""y0"":1018,""x1"":2005,""y1"":2189},{""page"":10,""x0"":0,""y0"":296,""x1"":2005,""y1"":579}]","[{""page"":9,""x0"":0,""y0"":1015,""x1"":2005,""y1"":2190},{""page"":10,""x0"":0,""y0"":295,""x1"":2005,""y1"":580}]","{""9"":-0.09072,""10"":-0.13162}",2005,1454
pb_2-8_question.png,question,2,8,,ch2.pdf,10,"[{""page"":10,""x0"":0,""y0"":580,""x1"":2005,""y1"":695},{""page"":10,""x0"":60,""y0"":779,""x1"":930,""y1"":1270}]","[{""page"":10,""x0"":0,""y0"":580,""x1"":2005,""y1"":700},{""page"":10,""x0"":60,""y0"":770,""x1"":930,""y1"":1270}]","{""10"":-0.13162}",2005,606
pb_2-8_solution.png,solution,2,8,,ch2.pdf,10,"[{""page"":10,""x0"":0,""y0"":700,""x1"":2005,""y1"":760},{""page"":10,""x0"":930,""y0"":919,""x1"":1930,""y1"":1270},{""page"":10,""x0"":0,""y0"":1315,""x1"":2005,""y1"":1849}]","[{""page"":10,""x0"":0,""y0"":700,""x1"":2005,""y1"":760},{""page"":10,""x0"":930,""y0"":900,""x1"":1930,""y1"":1270},{""page"":10,""x0"":0,""y0"":1300,""x1"":2005,""y1"":1850}]","{""10"":-0.13162}",2005,945
pb_2-9_(a)_question.png,question,2,9,a,ch2.pdf,10;11,"[{""page"":10,""x0"":0,""y0"":1843,""x1"":2005,""y1"":1910},{""page"":11,""x0"":220,""y0"":221,""x1"":520,""y1"":700}]","[{""page"":10,""x0"":0,""y0"":1840,""x1"":2005,""y1"":1910},{""page"":11,""x0"":220,""y0"":210,""x1"":520,""y1"":700}]","{""10"":-0.13162,""11"":0.03558}",2005,546
pb_2-9_(a)_solution.png,solution,2,9,a,ch2.pdf,10,"[{""page"":10,""x0"":0,""y0"":1910,""x1"":2005,""y1"":2470}]","[{""page"":10,""x0"":0,""y0"":1910,""x1"":2005,""y1"":2470}]","{""10"":-0.13162}",2005,560
pb_2-9_(b)_question.png,question,2,9,b,ch2.pdf,10;11,"[{""page"":10,""x0"":0,""y0"":1843,""x1"":2005,""y1"":1910},{""page"":11,""x0"":540,""y0"":221,""x1"":900,""y1"":700}]","[{""page"":10,""x0"":0,""y0"":1840,""x1"":2005,""y1"":1910},{""page"":11,""x0"":540,""y0"":210,""x1"":900,""y1"":700}]","{""10"":-0.13162,""11"":0.03558}",2005,546
pb_2-9_(b)_solution.png,solution,2,9,b,ch2.pdf,11,"[{""page"":11,""x0"":0,""y0"":1338,""x1"":2005,""y1"":1705}]","[{""page"":11,""x0"":0,""y0"":1335,""x1"":2005,""y1"":1705}]","{""11"":0.03558}",2005,367
pb_2-9_(c)_question.png,question,2,9,c,ch2.pdf,10;11,"[{""page"":10,""x0"":0,""y0"":1843,""x1"":2005,""y1"":1910},{""page"":11,""x0"":900,""y0"":221,""x1"":1320,""y1"":700}]","[{""page"":10,""x0"":0,""y0"":1840,""x1"":2005,""y1"":1910},{""page"":11,""x0"":900,""y0"":210,""x1"":1320,""y1"":700}]","{""10"":-0.13162,""11"":0.03558}",2005,546
pb_2-9_(c)_solution.png,solution,2,9,c,ch2.pdf,11,"[{""page"":11,""x0"":0,""y0"":1705,""x1"":2005,""y1"":2018}]","[{""page"":11,""x0"":0,""y0"":1705,""x1"":2005,""y1"":2018}]","{""11"":0.03558}",2005,313
pb_2-9_(d)_question.png,question,2,9,d,ch2.pdf,10;11,"[{""page"":10,""x0"":0,""y0"":1843,""x1"":2005,""y1"":1910},{""page"":11,""x0"":1300,""y0"":221,""x1"":1820,""y1"":700}]","[{""page"":10,""x0"":0,""y0"":1840,""x1"":2005,""y1"":1910},{""page"":11,""x0"":1300,""y0"":210,""x1"":1820,""y1"":700}]","{""10"":-0.13162,""11"":0.03558}",2005,546
pb_2-9_(d)_solution.png,solution,2,9,d,ch2.pdf,11,"[{""page"":11,""x0"":0,""y0"":2018,""x1"":2005,""y1"":2335}]","[{""page"":11,""x0"":0,""y0"":2018,""x1"":2005,""y1"":2335}]","{""11"":0.03558}",2005,317
pb_2-9_(e)_question.png,question,2,9,e,ch2.pdf,10;11,"[{""page"":10,""x0"":0,""y0"":1843,""x1"":2005,""y1"":1910},{""page"":11,""x0"":190,""y0"":829,""x1"":620,""y1"":1223}]","[{""page"":10,""x0"":0,""y0"":1840,""x1"":2005,""y1"":1910},{""page"":11,""x0"":190,""y0"":690,""x1"":620,""y1"":1225}]","{""10"":-0.13162,""11"":0.03558}",2005,461
pb_2-9_(e)_solution.png,solution,2,9,e,ch2.pdf,11;12,"[{""page"":11,""x0"":0,""y0"":2335,""x1"":2005,""y1"":2485},{""page"":12,""x0"":0,""y0"":193,""x1"":2005,""y1"":510}]","[{""page"":11,""x0"":0,""y0"":2335,""x1"":2005,""y1"":2490},{""page"":12,""x0"":0,""y0"":190,""x1"":2005,""y1"":510}]","{""11"":0.03558,""12"":-0.04414}",2005,467
pb_2-9_(f)_question.png,question,2,9,f,ch2.pdf,10;11,"[{""page"":10,""x0"":0,""y0"":1843,""x1"":2005,""y1"":1910},{""page"":11,""x0"":600,""y0"":690,""x1"":1160,""y1"":1223}]","[{""page"":10,""x0"":0,""y0"":1840,""x1"":2005,""y1"":1910},{""page"":11,""x0"":600,""y0"":690,""x1"":1160,""y1"":1225}]","{""10"":-0.13162,""11"":0.03558}",2005,600
pb_2-9_(f)_solution.png,solution,2,9,f,ch2.pdf,12,"[{""page"":12,""x0"":0,""y0"":510,""x1"":2005,""y1"":1080}]","[{""page"":12,""x0"":0,""y0"":510,""x1"":2005,""y1"":1080}]","{""12"":-0.04414}",2005,570
pb_2-9_(g)_question.png,question,2,9,g,ch2.pdf,10;11,"[{""page"":10,""x0"":0,""y0"":1843,""x1"":2005,""y1"":1910},{""page"":11,""x0"":1130,""y0"":823,""x1"":1820,""y1"":1225}]","[{""page"":10,""x0"":0,""y0"":1840,""x1"":2005,""y1"":1910},{""page"":11,""x0"":1130,""y0"":690,""x1"":1820,""y1"":1225}]","{""10"":-0.13162,""11"":0.03558}",2005,469
pb_2-9_(g)_solution.png,solution,2,9,g,ch2.pdf,12,"[{""page"":12,""x0"":0,""y0"":1081,""x1"":2005,""y1"":1760}]","[{""page"":12,""x0"":0,""y0"":1080,""x1"":2005,""y1"":1760}]","{""12"":-0.04414}",2005,679
pb_2-10_(a)_question.png,question,2,10,a,ch2.pdf,12,"[{""page"":12,""x0"":0,""y0"":1761,""x1"":2005,""y1"":1830},{""page"":12,""x0"":160,""y0"":1901,""x1"":630,""y1"":2208}]","[{""page"":12,""x0"":0,""y0"":1760,""x1"":2005,""y1"":1830},{""page"":12,""x0"":160,""y0"":1840,""x1"":630,""y1"":2210}]","{""12"":-0.04414}",2005,376
pb_2-10_(a)_solution.png,solution,2,10,a,ch2.pdf,13,"[{""page"":13,""x0"":0,""y0"":205,""x1"":2005,""y1"":398}]","[{""page"":13,""x0"":0,""y0"":205,""x1"":2005,""y1"":415}]","{""13"":-0.09219}",2005,193
pb_2-10_(b)_question.png,question,2,10,b,ch2.pdf,12,"[{""page"":12,""x0"":0,""y0"":1761,""x1"":2005,""y1"":1830},{""page"":12,""x0"":620,""y0"":1907,""x1"":1080,""y1"":2208}]","[{""page"":12,""x0"":0,""y0"":1760,""x1"":2005,""y1"":1830},{""page"":12,""x0"":620,""y0"":1840,""x1"":1080,""y1"":2210}]","{""12"":-0.04414}",2005,370
pb_2-10_(b)_solution.png,solution,2,10,b,ch2.pdf,13,"[{""page"":13,""x0"":0,""y0"":405,""x1"":2005,""y1"":610}]","[{""page"":13,""x0"":0,""y0"":405,""x1"":2005,""y1"":615}]","{""13"":-0.09219}",2005,205
pb_2-10_(c)_question.png,question,2,10,c,ch2.pdf,12,"[{""page"":12,""x0"":0,""y0"":1761,""x1"":2005,""y1"":1830},{""page"":12,""x0"":1050,""y0"":1851,""x1"":1660,""y1"":2207}]","[{""page"":12,""x0"":0,""y0"":1760,""x1"":2005,""y1"":1830},{""page"":12,""x0"":1050,""y0"":1840,""x1"":1660,""y1"":2210}]","{""12"":-0.04414}",2005,425
pb_2-10_(c)_solution.png,solution,2,10,c,ch2.pdf,13,"[{""page"":13,""x0"":0,""y0"":616,""x1"":2005,""y1"":1141}]","[{""page"":13,""x0"":0,""y0"":615,""x1"":2005,""y1"":1145}]","{""13"":-0.09219}",2005,525
pb_2-11_(a)_question.png,question,2,11,a,ch2.pdf,13,"[{""page"":13,""x0"":0,""y0"":1140,""x1"":2005,""y1"":1207},{""page"":13,""x0"":220,""y0"":1253,""x1"":860,""y1"":1596}]","[{""page"":13,""x0"":0,""y0"":1140,""x1"":2005,""y1"":1210},{""page"":13,""x0"":220,""y0"":1220,""x1"":860,""y1"":1600}]","{""13"":-0.09219}",2005,410
pb_2-11_(a)_solution.png,solution,2,11,a,ch2.pdf,13,"[{""page"":13,""x0"":0,""y0"":2070,""x1"":2005,""y1"":2324}]","[{""page"":13,""x0"":0,""y0"":2070,""x1"":2005,""y1"":2340}]","{""13"":-0.09219}",2005,254
pb_2-11_(b)_question.png,question,2,11,b,ch2.pdf,13,"[{""page"":13,""x0"":0,""y0"":1140,""x1"":2005,""y1"":1207},{""page"":13,""x0"":860,""y0"":1225,""x1"":1660,""y1"":1583}]","[{""page"":13,""x0"":0,""y0"":1140,""x1"":2005,""y1"":1210},{""page"":13,""x0"":860,""y0"":1220,""x1"":1660,""y1"":1600}]","{""13"":-0.09219}",2005,425
pb_2-11_(b)_solution.png,solution,2,11,b,ch2.pdf,14,"[{""page"":14,""x0"":0,""y0"":193,""x1"":2005,""y1"":450}]","[{""page"":14,""x0"":0,""y0"":190,""x1"":2005,""y1"":450}]","{""14"":-0.02487}",2005,257
pb_2-11_(c)_question.png,question,2,11,c,ch2.pdf,13,"[{""page"":13,""x0"":0,""y0"":1140,""x1"":2005,""y1"":1207},{""page"":13,""x0"":210,""y0"":1627,""x1"":870,""y1"":1956}]","[{""page"":13,""x0"":0,""y0"":1140,""x1"":2005,""y1"":1210},{""page"":13,""x0"":210,""y0"":1620,""x1"":870,""y1"":1960}]","{""13"":-0.09219}",2005,396
pb_2-11_(c)_solution.png,solution,2,11,c,ch2.pdf,14,"[{""page"":14,""x0"":0,""y0"":450,""x1"":2005,""y1"":975}]","[{""page"":14,""x0"":0,""y0"":450,""x1"":2005,""y1"":975}]","{""14"":-0.02487}",2005,525
pb_2-11_(d)_question.png,question,2,11,d,ch2.pdf,13,"[{""page"":13,""x0"":0,""y0"":1140,""x1"":2005,""y1"":1207},{""page"":13,""x0"":870,""y0"":1630,""x1"":1730,""y1"":1957}]","[{""page"":13,""x0"":0,""y0"":1140,""x1"":2005,""y1"":1210},{""page"":13,""x0"":870,""y0"":1620,""x1"":1730,""y1"":1960}]","{""13"":-0.09219}",2005,394
pb_2-11_(d)_solution.png,solution,2,11,d,ch2.pdf,14,"[{""page"":14,""x0"":0,""y0"":975,""x1"":2005,""y1"":1600}]","[{""page"":14,""x0"":0,""y0"":975,""x1"":2005,""y1"":1600}]","{""14"":-0.02487}",2005,625
pb_2-12_(a)_question.png,question,2,12,a,ch2.pdf,14,"[{""page"":14,""x0"":0,""y0"":1600,""x1"":2005,""y1"":1668},{""page"":14,""x0"":180,""y0"":1731,""x1"":930,""y1"":1920}]","[{""page"":14,""x0"":0,""y0"":1600,""x1"":2005,""y1"":1670},{""page"":14,""x0"":180,""y0"":1680,""x1"":930,""y1"":1920}]","{""14"":-0.02487}",2005,257
pb_2-12_(a)_solution.png,solution,2,12,a,ch2.pdf,14;15,"[{""page"":14,""x0"":0,""y0"":2041,""x1"":2005,""y1"":2470},{""page"":15,""x0"":0,""y0"":190,""x1"":2005,""y1"":640}]","[{""page"":14,""x0"":0,""y0"":2040,""x1"":2005,""y1"":2470},{""page"":15,""x0"":0,""y0"":190,""x1"":2005,""y1"":640}]","{""14"":-0.02487,""15"":0.03093}",2005,879
pb_2-12_(b)_question.png,question,2,12,b,ch2.pdf,14,"[{""page"":14,""x0"":0,""y0"":1600,""x1"":2005,""y1"":1668},{""page"":14,""x0"":900,""y0"":1689,""x1"":1700,""y1"":1920}]","[{""page"":14,""x0"":0,""y0"":1600,""x1"":2005,""y1"":1670},{""page"":14,""x0"":900,""y0"":1680,""x1"":1700,""y1"":1920}]","{""14"":-0.02487}",2005,299
pb_2-12_(b)_solution.png,solution,2,12,b,ch2.pdf,15,"[{""page"":15,""x0"":0,""y0"":640,""x1"":2005,""y1"":1445}]","[{""page"":15,""x0"":0,""y0"":640,""x1"":2005,""y1"":1445}]","{""15"":0.03093}",2005,805
pb_2-13_question.png,question,2,13,,ch2.pdf,15,"[{""page"":15,""x0"":0,""y0"":1441,""x1"":2005,""y1"":2087}]","[{""page"":15,""x0"":0,""y0"":1440,""x1"":2005,""y1"":2120}]","{""15"":0.03093}",2005,646
pb_2-13_solution.png,solution,2,13,,ch2.pdf,15;16,"[{""page"":15,""x0"":0,""y0"":2135,""x1"":2005,""y1"":2440},{""page"":16,""x0"":0,""y0"":182,""x1"":2005,""y1"":860}]","[{""page"":15,""x0"":0,""y0"":2135,""x1"":2005,""y1"":2440},{""page"":16,""x0"":0,""y0"":180,""x1"":2005,""y1"":860}]","{""15"":0.03093,""16"":-0.01945}",2005,983
pb_2-14_question.png,question,2,14,,ch2.pdf,16,"[{""page"":16,""x0"":0,""y0"":861,""x1"":2005,""y1"":930},{""page"":16,""x0"":0,""y0"":930,""x1"":1450,""y1"":1060},{""page"":16,""x0"":1500,""y0"":946,""x1"":1930,""y1"":1528}]","[{""page"":16,""x0"":0,""y0"":860,""x1"":2005,""y1"":930},{""page"":16,""x0"":0,""y0"":930,""x1"":1450,""y1"":1060},{""page"":16,""x0"":1500,""y0"":930,""x1"":1930,""y1"":1540}]","{""16"":-0.01945}",2005,781
pb_2-14_solution.png,solution,2,14,,ch2.pdf,16,"[{""page"":16,""x0"":50,""y0"":1058,""x1"":1500,""y1"":1522}]","[{""page"":16,""x0"":50,""y0"":1050,""x1"":1500,""y1"":1525}]","{""16"":-0.01945}",2005,464
pb_2-15_(1)_question.png,question,2,15,1,ch2.pdf,16,"[{""page"":16,""x0"":0,""y0"":1520,""x1"":2005,""y1"":1580},{""page"":16,""x0"":350,""y0"":1603,""x1"":1600,""y1"":1986},{""page"":16,""x0"":0,""y0"":2030,""x1"":2005,""y1"":2100}]","[{""page"":16,""x0"":0,""y0"":1520,""x1"":2005,""y1"":1580},{""page"":16,""x0"":350,""y0"":1600,""x1"":1600,""y1"":1990},{""page"":16,""x0"":0,""y0"":2010,""x1"":2005,""y1"":2100}]","{""16"":-0.01945}",2005,513
pb_2-15_(1)_solution.png,solution,2,15,1,ch2.pdf,16;17,"[{""page"":16,""x0"":0,""y0"":2165,""x1"":2005,""y1"":2397},{""page"":17,""x0"":0,""y0"":192,""x1"":2005,""y1"":420}]","[{""page"":16,""x0"":0,""y0"":2165,""x1"":2005,""y1"":2410},{""page"":17,""x0"":0,""y0"":190,""x1"":2005,""y1"":420}]","{""16"":-0.01945,""17"":0.01552}",2005,460
pb_2-15_(2)_question.png,question,2,15,2,ch2.pdf,16,"[{""page"":16,""x0"":0,""y0"":1520,""x1"":2005,""y1"":1580},{""page"":16,""x0"":350,""y0"":1603,""x1"":1600,""y1"":1986},{""page"":16,""x0"":0,""y0"":2100,""x1"":2005,""y1"":2165}]","[{""page"":16,""x0"":0,""y0"":1520,""x1"":2005,""y1"":1580},{""page"":16,""x0"":350,""y0"":1600,""x1"":1600,""y1"":1990},{""page"":16,""x0"":0,""y0"":2100,""x1"":2005,""y1"":2170}]","{""16"":-0.01945}",2005,508
pb_2-15_(2)_solution.png,solution,2,15,2,ch2.pdf,17,"[{""page"":17,""x0"":0,""y0"":422,""x1"":2005,""y1"":884}]","[{""page"":17,""x0"":0,""y0"":420,""x1"":2005,""y1"":885}]","{""17"":0.01552}",2005,462
pb_2-16_question.png,question,2,16,,ch2.pdf,17,"[{""page"":17,""x0"":0,""y0"":885,""x1"":2005,""y1"":1530}]","[{""page"":17,""x0"":0,""y0"":885,""x1"":2005,""y1"":1530}]","{""17"":0.01552}",2005,645
pb_2-16_solution.png,solution,2,16,,ch2.pdf,17;18,"[{""page"":17,""x0"":0,""y0"":1576,""x1"":2005,""y1"":2414},{""page"":18,""x0"":0,""y0"":186,""x1"":2005,""y1"":820}]","[{""page"":17,""x0"":0,""y0"":1575,""x1"":2005,""y1"":2420},{""page"":18,""x0"":0,""y0"":185,""x1"":2005,""y1"":820}]","{""17"":0.01552,""18"":0.03496}",2005,1472
pb_2-17_question.png,question,2,17,,ch2.pdf,18,"[{""page"":18,""x0"":0,""y0"":815,""x1"":2005,""y1"":995}]","[{""page"":18,""x0"":0,""y0"":815,""x1"":2005,""y1"":995}]","{""18"":0.03496}",2005,180
pb_2-17_solution.png,solution,2,17,,ch2.pdf,18,"[{""page"":18,""x0"":0,""y0"":995,""x1"":2005,""y1"":1275}]","[{""page"":18,""x0"":0,""y0"":995,""x1"":2005,""y1"":1275}]","{""18"":0.03496}",2005,280
pb_2-18_question.png,question,2,18,,ch2.pdf,18,"[{""page"":18,""x0"":0,""y0"":1282,""x1"":2005,""y1"":1720}]","[{""page"":18,""x0"":0,""y0"":1280,""x1"":2005,""y1"":1720}]","{""18"":0.03496}",2005,438
pb_2-18_solution.png,solution,2,18,,ch2.pdf,18;19,"[{""page"":18,""x0"":0,""y0"":1763,""x1"":2005,""y1"":2440},{""page"":19,""x0"":0,""y0"":185,""x1"":2005,""y1"":285}]","[{""page"":18,""x0"":0,""y0"":1760,""x1"":2005,""y1"":2440},{""page"":19,""x0"":0,""y0"":185,""x1"":2005,""y1"":285}]","{""18"":0.03496,""19"":-0.0075}",2005,777
pb_2-19_question.png,question,2,19,,ch2.pdf,19,"[{""page"":19,""x0"":0,""y0"":281,""x1"":2005,""y1"":660}]","[{""page"":19,""x0"":0,""y0"":280,""x1"":2005,""y1"":660}]","{""19"":-0.0075}",2005,379
pb_2-19_solution.png,solution,2,19,,ch2.pdf,19,"[{""page"":19,""x0"":0,""y0"":660,""x1"":2005,""y1"":1455}]","[{""page"":19,""x0"":0,""y0"":660,""x1"":2005,""y1"":1455}]","{""19"":-0.0075}",2005,795
pb_2-20_(a)_question.png,question,2,20,a,ch2.pdf,19;20,"[{""page"":19,""x0"":0,""y0"":1455,""x1"":2005,""y1"":1520},{""page"":20,""x0"":120,""y0"":195,""x1"":850,""y1"":400}]","[{""page"":19,""x0"":0,""y0"":1455,""x1"":2005,""y1"":1520},{""page"":20,""x0"":120,""y0"":190,""x1"":850,""y1"":400}]","{""19"":-0.0075,""20"":-0.02319}",2005,270
pb_2-20_(a)_solution.png,solution,2,20,a,ch2.pdf,19,"[{""page"":19,""x0"":0,""y0"":1520,""x1"":2005,""y1"":1700}]","[{""page"":19,""x0"":0,""y0"":1520,""x1"":2005,""y1"":1700}]","{""19"":-0.0075}",2005,180
pb_2-20_(b)_question.png,question,2,20,b,ch2.pdf,19;20,"[{""page"":19,""x0"":0,""y0"":1455,""x1"":2005,""y1"":1520},{""page"":20,""x0"":120,""y0"":400,""x1"":850,""y1"":610}]","[{""page"":19,""x0"":0,""y0"":1455,""x1"":2005,""y1"":1520},{""page"":20,""x0"":120,""y0"":400,""x1"":850,""y1"":610}]","{""19"":-0.0075,""20"":-0.02319}",2005,275
pb_2-20_(b)_solution.png,solution,2,20,b,ch2.pdf,19,"[{""page"":19,""x0"":0,""y0"":1701,""x1"":2005,""y1"":2079}]","[{""page"":19,""x0"":0,""y0"":1700,""x1"":2005,""y1"":2080}]","{""19"":-0.0075}",2005,378
pb_2-20_(c)_question.png,question,2,20,c,ch2.pdf,19;20,"[{""page"":19,""x0"":0,""y0"":1455,""x1"":2005,""y1"":1520},{""page"":20,""x0"":120,""y0"":600,""x1"":850,""y1"":830}]","[{""page"":19,""x0"":0,""y0"":1455,""x1"":2005,""y1"":1520},{""page"":20,""x0"":120,""y0"":600,""x1"":850,""y1"":830}]","{""19"":-0.0075,""20"":-0.02319}",2005,295
pb_2-20_(c)_solution.png,solution,2,20,c,ch2.pdf,19,"[{""page"":19,""x0"":0,""y0"":2080,""x1"":2005,""y1"":2389}]","[{""page"":19,""x0"":0,""y0"":2080,""x1"":2005,""y1"":2390}]","{""19"":-0.0075}",2005,309
pb_2-21_(1)_question.png,question,2,21,1,ch2.pdf,20,"[{""page"":20,""x0"":0,""y0"":937,""x1"":2005,""y1"":1005},{""page"":20,""x0"":0,""y0"":1005,""x1"":2005,""y1"":1070},{""page"":20,""x0"":1120,""y0"":269,""x1"":1800,""y1"":892}]","[{""page"":20,""x0"":0,""y0"":935,""x1"":2005,""y1"":1005},{""page"":20,""x0"":0,""y0"":1005,""x1"":2005,""y1"":1070},{""page"":20,""x0"":1120,""y0"":190,""x1"":1800,""y1"":900}]","{""20"":-0.02319}",2005,756
pb_2-21_(1)_solution.png,solution,2,21,1,ch2.pdf,20,"[{""page"":20,""x0"":0,""y0"":1265,""x1"":2005,""y1"":1655},{""page"":20,""x0"":0,""y0"":1708,""x1"":2005,""y1"":1895}]","[{""page"":20,""x0"":0,""y0"":1265,""x1"":2005,""y1"":1660},{""page"":20,""x0"":0,""y0"":1700,""x1"":2005,""y1"":1895}]","{""20"":-0.02319}",2005,577
pb_2-21_(2)_question.png,question,2,21,2,ch2.pdf,20,"[{""page"":20,""x0"":0,""y0"":937,""x1"":2005,""y1"":1005},{""page"":20,""x0"":0,""y0"":1070,""x1"":2005,""y1"":1135},{""page"":20,""x0"":1120,""y0"":269,""x1"":1800,""y1"":892}]","[{""page"":20,""x0"":0,""y0"":935,""x1"":2005,""y1"":1005},{""page"":20,""x0"":0,""y0"":1070,""x1"":2005,""y1"":1135},{""page"":20,""x0"":1120,""y0"":190,""x1"":1800,""y1"":900}]","{""20"":-0.02319}",2005,756
pb_2-21_(2)_solution.png,solution,2,21,2,ch2.pdf,20,"[{""page"":20,""x0"":0,""y0"":1265,""x1"":2005,""y1"":1655},{""page"":20,""x0"":0,""y0"":1899,""x1"":2005,""y1"":2015}]","[{""page"":20,""x0"":0,""y0"":1265,""x1"":2005,""y1"":1660},{""page"":20,""x0"":0,""y0"":1895,""x1"":2005,""y1"":2015}]","{""20"":-0.02319}",2005,506
pb_2-21_(3)_question.png,question,2,21,3,ch2.pdf,20,"[{""page"":20,""x0"":0,""y0"":937,""x1"":2005,""y1"":1005},{""page"":20,""x0"":0,""y0"":1135,""x1"":2005,""y1"":1200},{""page"":20,""x0"":1120,""y0"":269,""x1"":1800,""y1"":892}]","[{""page"":20,""x0"":0,""y0"":935,""x1"":2005,""y1"":1005},{""page"":20,""x0"":0,""y0"":1135,""x1"":2005,""y1"":1200},{""page"":20,""x0"":1120,""y0"":190,""x1"":1800,""y1"":900}]","{""20"":-0.02319}",2005,756
pb_2-21_(3)_solution.png,solution,2,21,3,ch2.pdf,20,"[{""page"":20,""x0"":0,""y0"":1265,""x1"":2005,""y1"":1655},{""page"":20,""x0"":0,""y0"":2018,""x1"":2005,""y1"":2139}]","[{""page"":20,""x0"":0,""y0"":1265,""x1"":2005,""y1"":1660},{""page"":20,""x0"":0,""y0"":2015,""x1"":2005,""y1"":2140}]","{""20"":-0.02319}",2005,511
pb_2-21_(4)_question.png,question,2,21,4,ch2.pdf,20,"[{""page"":20,""x0"":0,""y0"":937,""x1"":2005,""y1"":1005},{""page"":20,""x0"":0,""y0"":1200,""x1"":2005,""y1"":1265},{""page"":20,""x0"":1120,""y0"":269,""x1"":1800,""y1"":892}]","[{""page"":20,""x0"":0,""y0"":935,""x1"":2005,""y1"":1005},{""page"":20,""x0"":0,""y0"":1200,""x1"":2005,""y1"":1265},{""page"":20,""x0"":1120,""y0"":190,""x1"":1800,""y1"":900}]","{""20"":-0.02319}",2005,756
pb_2-21_(4)_solution.png,solution,2,21,4,ch2.pdf,20,"[{""page"":20,""x0"":0,""y0"":1265,""x1"":2005,""y1"":1655},{""page"":20,""x0"":0,""y0"":2142,""x1"":2005,""y1"":2263}]","[{""page"":20,""x0"":0,""y0"":1265,""x1"":2005,""y1"":1660},{""page"":20,""x0"":0,""y0"":2140,""x1"":2005,""y1"":2265}]","{""20"":-0.02319}",2005,511
pb_2-22_(a)_question.png,question,2,22,a,ch2.pdf,20;21,"[{""page"":20,""x0"":0,""y0"":2265,""x1"":2005,""y1"":2330},{""page"":21,""x0"":220,""y0"":213,""x1"":700,""y1"":567}]","[{""page"":20,""x0"":0,""y0"":2265,""x1"":2005,""y1"":2330},{""page"":21,""x0"":220,""y0"":190,""x1"":700,""y1"":610}]","{""20"":-0.02319,""21"":-0.05092}",2005,419
pb_2-22_(a)_solution.png,solution,2,22,a,ch2.pdf,20;21,"[{""page"":20,""x0"":0,""y0"":2330,""x1"":2005,""y1"":2460},{""page"":21,""x0"":0,""y0"":649,""x1"":2005,""y1"":750}]","[{""page"":20,""x0"":0,""y0"":2330,""x1"":2005,""y1"":2460},{""page"":21,""x0"":0,""y0"":640,""x1"":2005,""y1"":750}]","{""20"":-0.02319,""21"":-0.05092}",2005,231
pb_2-22_(b)_question.png,question,2,22,b,ch2.pdf,20;21,"[{""page"":20,""x0"":0,""y0"":2265,""x1"":2005,""y1"":2330},{""page"":21,""x0"":680,""y0"":197,""x1"":1140,""y1"":610}]","[{""page"":20,""x0"":0,""y0"":2265,""x1"":2005,""y1"":2330},{""page"":21,""x0"":680,""y0"":190,""x1"":1140,""y1"":610}]","{""20"":-0.02319,""21"":-0.05092}",2005,478
pb_2-22_(b)_solution.png,solution,2,22,b,ch2.pdf,21,"[{""page"":21,""x0"":0,""y0"":761,""x1"":2005,""y1"":1005}]","[{""page"":21,""x0"":0,""y0"":760,""x1"":2005,""y1"":1005}]","{""21"":-0.05092}",2005,244
pb_2-22_(c)_question.png,question,2,22,c,ch2.pdf,20;21,"[{""page"":20,""x0"":0,""y0"":2265,""x1"":2005,""y1"":2330},{""page"":21,""x0"":1120,""y0"":199,""x1"":1680,""y1"":567}]","[{""page"":20,""x0"":0,""y0"":2265,""x1"":2005,""y1"":2330},{""page"":21,""x0"":1120,""y0"":190,""x1"":1680,""y1"":610}]","{""20"":-0.02319,""21"":-0.05092}",2005,433
pb_2-22_(c)_solution.png,solution,2,22,c,ch2.pdf,21,"[{""page"":21,""x0"":0,""y0"":1009,""x1"":2005,""y1"":1550}]","[{""page"":21,""x0"":0,""y0"":1005,""x1"":2005,""y1"":1550}]","{""21"":-0.05092}",2005,541
pb_2-23_(1)_question.png,question,2,23,1,ch2.pdf,21,"[{""page"":21,""x0"":0,""y0"":1551,""x1"":2005,""y1"":1620},{""page"":21,""x0"":180,""y0"":1621,""x1"":450,""y1"":1685}]","[{""page"":21,""x0"":0,""y0"":1550,""x1"":2005,""y1"":1620},{""page"":21,""x0"":180,""y0"":1620,""x1"":450,""y1"":1685}]","{""21"":-0.05092}",2005,133
pb_2-23_(1)_solution.png,solution,2,23,1,ch2.pdf,21,"[{""page"":21,""x0"":0,""y0"":1690,""x1"":2005,""y1"":1790}]","[{""page"":21,""x0"":0,""y0"":1690,""x1"":2005,""y1"":1790}]","{""21"":-0.05092}",2005,100
pb_2-23_(2)_question.png,question,2,23,2,ch2.pdf,21,"[{""page"":21,""x0"":0,""y0"":1551,""x1"":2005,""y1"":1620},{""page"":21,""x0"":450,""y0"":1620,""x1"":760,""y1"":1684}]","[{""page"":21,""x0"":0,""y0"":1550,""x1"":2005,""y1"":1620},{""page"":21,""x0"":450,""y0"":1620,""x1"":760,""y1"":1685}]","{""21"":-0.05092}",2005,133
pb_2-23_(2)_solution.png,solution,2,23,2,ch2.pdf,21,"[{""page"":21,""x0"":0,""y0"":1783,""x1"":2005,""y1"":1905}]","[{""page"":21,""x0"":0,""y0"":1780,""x1"":2005,""y1"":1905}]","{""21"":-0.05092}",2005,122
pb_2-23_(3)_question.png,question,2,23,3,ch2.pdf,21,"[{""page"":21,""x0"":0,""y0"":1551,""x1"":2005,""y1"":1620},{""page"":21,""x0"":750,""y0"":1620,""x1"":1080,""y1"":1685}]","[{""page"":21,""x0"":0,""y0"":1550,""x1"":2005,""y1"":1620},{""page"":21,""x0"":750,""y0"":1620,""x1"":1080,""y1"":1685}]","{""21"":-0.05092}",2005,134
pb_2-23_(3)_solution.png,solution,2,23,3,ch2.pdf,21,"[{""page"":21,""x0"":0,""y0"":1909,""x1"":2005,""y1"":2150}]","[{""page"":21,""x0"":0,""y0"":1905,""x1"":2005,""y1"":2150}]","{""21"":-0.05092}",2005,241
pb_2-23_(4)_question.png,question,2,23,4,ch2.pdf,21,"[{""page"":21,""x0"":0,""y0"":1551,""x1"":2005,""y1"":1620},{""page"":21,""x0"":1070,""y0"":1620,""x1"":1660,""y1"":1684}]","[{""page"":21,""x0"":0,""y0"":1550,""x1"":2005,""y1"":1620},{""page"":21,""x0"":1070,""y0"":1620,""x1"":1660,""y1"":1685}]","{""21"":-0.05092}",2005,133
pb_2-23_(4)_solution.png,solution,2,23,4,ch2.pdf,21,"[{""page"":21,""x0"":0,""y0"":2156,""x1"":2005,""y1"":2396}]","[{""page"":21,""x0"":0,""y0"":2150,""x1"":2005,""y1"":2400}]","{""21"":-0.05092}",2005,240
pb_2-24_question.png,question,2,24,,ch2.pdf,21;22,"[{""page"":21,""x0"":0,""y0"":2400,""x1"":2005,""y1"":2468},{""page"":22,""x0"":180,""y0"":496,""x1"":930,""y1"":983}]","[{""page"":21,""x0"":0,""y0"":2400,""x1"":2005,""y1"":2470},{""page"":22,""x0"":180,""y0"":490,""x1"":930,""y1"":990}]","{""21"":-0.05092,""22"":0.0248}",2005,555
pb_2-24_solution.png,solution,2,24,,ch2.pdf,22,"[{""page"":22,""x0"":0,""y0"":175,""x1"":2005,""y1"":485}]","[{""page"":22,""x0"":0,""y0"":175,""x1"":2005,""y1"":485}]","{""22"":0.0248}",2005,310
pb_2-25_question.png,question,2,25,,ch2.pdf,22,"[{""page"":22,""x0"":0,""y0"":1028,""x1"":2005,""y1"":1160},{""page"":22,""x0"":1050,""y0"":689,""x1"":1800,""y1"":984}]","[{""page"":22,""x0"":0,""y0"":1025,""x1"":2005,""y1"":1160},{""page"":22,""x0"":1050,""y0"":600,""x1"":1800,""y1"":990}]","{""22"":0.0248}",2005,427
pb_2-25_solution.png,solution,2,25,,ch2.pdf,22,"[{""page"":22,""x0"":0,""y0"":1160,""x1"":2005,""y1"":1489}]","[{""page"":22,""x0"":0,""y0"":1160,""x1"":2005,""y1"":1490}]","{""22"":0.0248}",2005,329
pb_2-26_(a)_question.png,question,2,26,a,ch2.pdf,22,"[{""page"":22,""x0"":0,""y0"":1490,""x1"":2005,""y1"":1557},{""page"":22,""x0"":200,""y0"":1639,""x1"":980,""y1"":1870}]","[{""page"":22,""x0"":0,""y0"":1490,""x1"":2005,""y1"":1560},{""page"":22,""x0"":200,""y0"":1600,""x1"":980,""y1"":1870}]","{""22"":0.0248}",2005,298
pb_2-26_(a)_solution.png,solution,2,26,a,ch2.pdf,22,"[{""page"":22,""x0"":0,""y0"":1983,""x1"":2005,""y1"":2189}]","[{""page"":22,""x0"":0,""y0"":1980,""x1"":2005,""y1"":2200}]","{""22"":0.0248}",2005,206
pb_2-26_(b)_question.png,question,2,26,b,ch2.pdf,22,"[{""page"":22,""x0"":0,""y0"":1490,""x1"":2005,""y1"":1557},{""page"":22,""x0"":900,""y0"":1600,""x1"":1780,""y1"":1870}]","[{""page"":22,""x0"":0,""y0"":1490,""x1"":2005,""y1"":1560},{""page"":22,""x0"":900,""y0"":1600,""x1"":1780,""y1"":1870}]","{""22"":0.0248}",2005,337
pb_2-26_(b)_solution.png,solution,2,26,b,ch2.pdf,22,"[{""page"":22,""x0"":0,""y0"":2195,""x1"":2005,""y1"":2399}]","[{""page"":22,""x0"":0,""y0"":2190,""x1"":2005,""y1"":2400}]","{""22"":0.0248}",2005,204
